Title,Link
Head of Government Relations,https://jobs.lever.co/vannevarlabs-2/50c93e06-6ec3-4193-9df4-bbb47fcd9a41
Mission Development,https://jobs.lever.co/vannevarlabs-2/50c93e06-6ec3-4193-9df4-bbb47fcd9a41
Deployment Lead,https://jobs.lever.co/vannevarlabs-2/ec114168-f071-4185-bcf3-c7599bf8e2ca
Data Operations Engineering Internship/Co-op,https://jobs.lever.co/vannevarlabs-2/ec114168-f071-4185-bcf3-c7599bf8e2ca
Lead Data Platform Engineer,https://jobs.lever.co/vannevarlabs-2/86c5a482-7bb3-489e-9fee-95660141b69a
IT Systems Manager,https://jobs.lever.co/vannevarlabs-2/86c5a482-7bb3-489e-9fee-95660141b69a
Site Reliability Engineer,https://jobs.lever.co/vannevarlabs-2/b39f792a-f173-4b8a-8b90-e3c0c0156e8c
Lead Product Designer,https://jobs.lever.co/vannevarlabs-2/b39f792a-f173-4b8a-8b90-e3c0c0156e8c
Senior Product Manager,https://jobs.lever.co/vannevarlabs-2/68cf464c-f58d-4388-9e96-db1dffb7aefd
"Senior Software Engineer, Frontend",https://jobs.lever.co/vannevarlabs-2/68cf464c-f58d-4388-9e96-db1dffb7aefd
"Senior Software Engineer, Fullstack",https://jobs.lever.co/vannevarlabs-2/c9503cdb-ac6c-4e47-8fb8-2a92b4b1fb0e
"Senior Software Engineer, Web Performance",https://jobs.lever.co/vannevarlabs-2/c9503cdb-ac6c-4e47-8fb8-2a92b4b1fb0e
"Software Engineer, Fullstack",https://jobs.lever.co/vannevarlabs-2/52259c11-6fe6-4fa3-a422-bb9c77fc87f3
Head of Finance,https://jobs.lever.co/vannevarlabs-2/52259c11-6fe6-4fa3-a422-bb9c77fc87f3
Engineering Manager - Search and Discovery,https://jobs.lever.co/vannevarlabs-2/caec8048-4019-4a62-8920-622b77dcba8e
,https://jobs.lever.co/vannevarlabs-2/caec8048-4019-4a62-8920-622b77dcba8e
,https://jobs.lever.co/vannevarlabs-2/ff6b5e7c-6af2-4122-a1c8-72d7e00dd396
,https://jobs.lever.co/vannevarlabs-2/ff6b5e7c-6af2-4122-a1c8-72d7e00dd396
,https://jobs.lever.co/vannevarlabs-2/37aa4157-fd30-43fb-b245-a4833d2b2489
,https://jobs.lever.co/vannevarlabs-2/37aa4157-fd30-43fb-b245-a4833d2b2489
,https://jobs.lever.co/vannevarlabs-2/599536ca-b6ef-42af-b4e8-63759257f1ab
,https://jobs.lever.co/vannevarlabs-2/599536ca-b6ef-42af-b4e8-63759257f1ab
,https://jobs.lever.co/vannevarlabs-2/70439573-5d1c-481f-815a-25e4bab5b00d
,https://jobs.lever.co/vannevarlabs-2/70439573-5d1c-481f-815a-25e4bab5b00d
,https://jobs.lever.co/vannevarlabs-2/f133a606-bb4a-4b52-9abc-75a4e3169f8b
,https://jobs.lever.co/vannevarlabs-2/f133a606-bb4a-4b52-9abc-75a4e3169f8b
,https://jobs.lever.co/vannevarlabs-2/694460c9-6990-4758-9d6c-eae32b1a0a14
,https://jobs.lever.co/vannevarlabs-2/694460c9-6990-4758-9d6c-eae32b1a0a14
,https://jobs.lever.co/vannevarlabs-2/68b21d32-efe6-4b76-8f1b-54bfb482d28e
,https://jobs.lever.co/vannevarlabs-2/68b21d32-efe6-4b76-8f1b-54bfb482d28e
